,ssh_time_interval,boundingbox_upperright_lon,boundingbox_upperright_lat,boundingbox_lowerleft_lon,boundingbox_lowerleft_lat,certificate,dip,fault_depth,id_long,magnitude,model,model_version,path,provider,rake,scope,simulation_time,slip,strike,x,y,scenario_id
0,10,-69.96918,-16.99536,-83.00279,-47.00288,MANUAL,15.20000,24914.90,RG_C00021765_mw8.05_04h,8.05,TsunAWI,r2019,RG_C00021765_mw8.05_04h,AWI,90.0000,REGIONAL,240,20.1300,6.9000,-71.62600,-29.40710,C00021765
0,10,-69.96918,-16.99536,-83.00279,-47.00288,MANUAL,15.70000,35406.70,RG_C00023291_mw8.35_04h,8.35,TsunAWI,r2019,RG_C00023291_mw8.35_04h,AWI,90.0000,REGIONAL,240,9.2600,7.4000,-71.68190,-31.74640,C00023291
0,10,-69.96918,-16.99536,-83.00279,-47.00288,MANUAL,18.50000,42121.10,RG_C00009502_mw8.05_04h,8.05,TsunAWI,r2019,RG_C00009502_mw8.05_04h,AWI,90.0000,REGIONAL,240,8.9700,8.3000,-71.00390,-28.49330,C00009502
0,10,-69.96918,-16.99536,-83.00279,-47.00288,MANUAL,20.30000,39906.80,RG_C00013298_mw8.15_04h,8.15,TsunAWI,r2019,RG_C00013298_mw8.15_04h,AWI,90.0000,REGIONAL,240,5.7700,17.0000,-72.17950,-33.44410,C00013298
0,10,-69.96918,-16.99536,-83.00279,-47.00288,MANUAL,14.30000,21876.60,RG_C00019191_mw8.05_04h,8.05,TsunAWI,r2019,RG_C00019191_mw8.05_04h,AWI,90.0000,REGIONAL,240,15.6900,7.3000,-71.94510,-30.82290,C00019191
0,10,-69.96918,-16.99536,-83.00279,-47.00288,MANUAL,17.20000,37373.20,RG_C00022636_mw8.25_04h,8.25,TsunAWI,r2019,RG_C00022636_mw8.25_04h,AWI,90.0000,REGIONAL,240,6.9100,6.8000,-71.17780,-29.13620,C00022636
0,10,-69.96918,-16.99536,-83.00279,-47.00288,MANUAL,18.90000,36537.20,RG_C00004382_mw8.25_04h,8.25,TsunAWI,r2019,RG_C00004382_mw8.25_04h,AWI,90.0000,REGIONAL,240,7.9400,8.8000,-70.98090,-27.44020,C00004382
0,10,-69.96918,-16.99536,-83.00279,-47.00288,MANUAL,17.70000,31829.70,RG_C00002156_mw8.35_04h,8.35,TsunAWI,r2019,RG_C00002156_mw8.35_04h,AWI,90.0000,REGIONAL,240,5.3500,7.2000,-71.35620,-29.55600,C00002156
0,10,-69.96918,-16.99536,-83.00279,-47.00288,MANUAL,17.70000,29355.30,RG_C00000409_mw8.55_04h,8.55,TsunAWI,r2019,RG_C00000409_mw8.55_04h,AWI,90.0000,REGIONAL,240,8.3300,7.2000,-71.62860,-30.91630,C00000409
0,10,-69.96918,-16.99536,-83.00279,-47.00288,MANUAL,20.90000,35188.30,RG_C00014170_mw8.05_04h,8.05,TsunAWI,r2019,RG_C00014170_mw8.05_04h,AWI,90.0000,REGIONAL,240,5.6500,20.5000,-73.40820,-36.07400,C00014170
0,10,-69.96918,-16.99536,-83.00279,-47.00288,MANUAL,15.40000,29370.60,RG_C00012910_mw8.05_04h,8.05,TsunAWI,r2019,RG_C00012910_mw8.05_04h,AWI,90.0000,REGIONAL,240,3.4200,7.3000,-71.52580,-30.00170,C00012910
0,10,-69.96918,-16.99536,-83.00279,-47.00288,MANUAL,17.40000,26171.30,RG_C00004913_mw8.05_04h,8.05,TsunAWI,r2019,RG_C00004913_mw8.05_04h,AWI,90.0000,REGIONAL,240,4.3000,7.2000,-71.62500,-29.24160,C00004913
0,10,-69.96918,-16.99536,-83.00279,-47.00288,MANUAL,17.60000,30170.70,RG_C00017959_mw8.35_04h,8.35,TsunAWI,r2019,RG_C00017959_mw8.35_04h,AWI,90.0000,REGIONAL,240,4.4300,7.0000,-71.51320,-30.07920,C00017959
0,10,-69.96918,-16.99536,-83.00279,-47.00288,MANUAL,19.90000,45919.30,RG_C00001427_mw8.75_04h,8.75,TsunAWI,r2019,RG_C00001427_mw8.75_04h,AWI,90.0000,REGIONAL,240,8.3000,18.1000,-72.84030,-35.68070,C00001427
0,10,-69.96918,-16.99536,-83.00279,-47.00288,MANUAL,18.70000,25173.60,RG_C00003986_mw8.05_04h,8.05,TsunAWI,r2019,RG_C00003986_mw8.05_04h,AWI,90.0000,REGIONAL,240,6.2300,9.2000,-71.48260,-28.24560,C00003986
0,10,-69.96918,-16.99536,-83.00279,-47.00288,MANUAL,19.20000,38326.90,RG_C00014508_mw8.05_04h,8.05,TsunAWI,r2019,RG_C00014508_mw8.05_04h,AWI,90.0000,REGIONAL,240,5.7100,9.3000,-71.06750,-28.15880,C00014508
0,10,-69.96918,-16.99536,-83.00279,-47.00288,MANUAL,18.00000,32631.30,RG_C00001199_mw8.55_04h,8.55,TsunAWI,r2019,RG_C00001199_mw8.55_04h,AWI,90.0000,REGIONAL,240,47.8000,7.1000,-71.53620,-30.92180,C00001199
0,10,-69.96918,-16.99536,-83.00279,-47.00288,MANUAL,17.20000,24878.60,RG_C00000362_mw8.15_04h,8.15,TsunAWI,r2019,RG_C00000362_mw8.15_04h,AWI,90.0000,REGIONAL,240,7.3700,7.0000,-71.60700,-29.43350,C00000362
0,10,-69.96918,-16.99536,-83.00279,-47.00288,MANUAL,20.20000,35812.30,RG_C00012562_mw8.35_04h,8.35,TsunAWI,r2019,RG_C00012562_mw8.35_04h,AWI,90.0000,REGIONAL,240,11.9700,18.4000,-72.60670,-34.38600,C00012562
0,10,-69.96918,-16.99536,-83.00279,-47.00288,MANUAL,16.30000,33088.80,RG_C00006009_mw8.55_04h,8.55,TsunAWI,r2019,RG_C00006009_mw8.55_04h,AWI,90.0000,REGIONAL,240,5.6400,8.3000,-71.97210,-32.60900,C00006009
0,10,-69.96918,-16.99536,-83.00279,-47.00288,MANUAL,18.40000,39589.60,RG_C00004659_mw8.75_04h,8.75,TsunAWI,r2019,RG_C00004659_mw8.75_04h,AWI,90.0000,REGIONAL,240,8.6500,12.4000,-73.26850,-36.27530,C00004659
0,10,-69.96918,-16.99536,-83.00279,-47.00288,MANUAL,19.00000,47275.80,RG_C00018499_mw8.15_04h,8.15,TsunAWI,r2019,RG_C00018499_mw8.15_04h,AWI,90.0000,REGIONAL,240,3.3300,8.0000,-70.95290,-28.93330,C00018499
0,10,-69.96918,-16.99536,-83.00279,-47.00288,MANUAL,17.20000,21361.00,RG_C00021209_mw8.15_04h,8.15,TsunAWI,r2019,RG_C00021209_mw8.15_04h,AWI,90.0000,REGIONAL,240,5.2200,7.1000,-71.79740,-29.68440,C00021209
0,10,-69.96918,-16.99536,-83.00279,-47.00288,MANUAL,18.40000,31258.20,RG_C00018273_mw8.55_04h,8.55,TsunAWI,r2019,RG_C00018273_mw8.55_04h,AWI,90.0000,REGIONAL,240,9.1400,7.0000,-71.34960,-29.17590,C00018273
0,10,-69.96918,-16.99536,-83.00279,-47.00288,MANUAL,12.60000,42276.30,RG_C00016453_mw8.15_04h,8.15,TsunAWI,r2019,RG_C00016453_mw8.15_04h,AWI,90.0000,REGIONAL,240,7.5300,7.4000,-71.41820,-31.92130,C00016453
0,10,-69.96918,-16.99536,-83.00279,-47.00288,MANUAL,18.00000,37104.00,RG_C00005693_mw8.35_04h,8.35,TsunAWI,r2019,RG_C00005693_mw8.35_04h,AWI,90.0000,REGIONAL,240,19.1800,12.6000,-73.84830,-38.20440,C00005693
0,10,-69.96918,-16.99536,-83.00279,-47.00288,MANUAL,15.60000,33838.40,RG_C00018510_mw8.05_04h,8.05,TsunAWI,r2019,RG_C00018510_mw8.05_04h,AWI,90.0000,REGIONAL,240,3.7100,7.3000,-71.45130,-30.62930,C00018510
0,10,-69.96918,-16.99536,-83.00279,-47.00288,MANUAL,15.60000,24684.30,RG_C00018870_mw8.15_04h,8.15,TsunAWI,r2019,RG_C00018870_mw8.15_04h,AWI,90.0000,REGIONAL,240,30.0100,7.1000,-71.72130,-30.16110,C00018870
0,10,-69.96918,-16.99536,-83.00279,-47.00288,MANUAL,17.70000,28819.40,RG_C00015776_mw8.15_04h,8.15,TsunAWI,r2019,RG_C00015776_mw8.15_04h,AWI,90.0000,REGIONAL,240,5.6900,7.0000,-71.42360,-28.99220,C00015776
0,10,-69.96918,-16.99536,-83.00279,-47.00288,MANUAL,17.00000,31833.80,RG_C00004807_mw8.15_04h,8.15,TsunAWI,r2019,RG_C00004807_mw8.15_04h,AWI,90.0000,REGIONAL,240,4.7400,7.2000,-71.44530,-29.70930,C00004807
0,10,-69.96918,-16.99536,-83.00279,-47.00288,MANUAL,19.60000,23533.70,RG_C00001564_mw8.05_04h,8.05,TsunAWI,r2019,RG_C00001564_mw8.05_04h,AWI,90.0000,REGIONAL,240,2.1500,9.7000,-71.48550,-27.91300,C00001564
0,10,-69.96918,-16.99536,-83.00279,-47.00288,MANUAL,15.70000,34643.10,RG_C00001114_mw8.15_04h,8.15,TsunAWI,r2019,RG_C00001114_mw8.15_04h,AWI,90.0000,REGIONAL,240,5.4500,8.9000,-71.90350,-32.11510,C00001114
0,10,-69.96918,-16.99536,-83.00279,-47.00288,MANUAL,14.50000,32385.30,RG_C00021533_mw8.15_04h,8.15,TsunAWI,r2019,RG_C00021533_mw8.15_04h,AWI,90.0000,REGIONAL,240,29.0000,7.5000,-71.79970,-31.54420,C00021533
0,10,-69.96918,-16.99536,-83.00279,-47.00288,MANUAL,14.50000,40121.60,RG_C00007476_mw8.05_04h,8.05,TsunAWI,r2019,RG_C00007476_mw8.05_04h,AWI,90.0000,REGIONAL,240,3.3900,7.5000,-71.35000,-31.21490,C00007476
0,10,-69.96918,-16.99536,-83.00279,-47.00288,MANUAL,18.60000,43222.50,RG_C00012689_mw8.15_04h,8.15,TsunAWI,r2019,RG_C00012689_mw8.15_04h,AWI,90.0000,REGIONAL,240,6.9200,8.5000,-71.01140,-28.54170,C00012689
0,10,-69.96918,-16.99536,-83.00279,-47.00288,MANUAL,17.60000,42423.90,RG_C00006832_mw8.55_04h,8.55,TsunAWI,r2019,RG_C00006832_mw8.55_04h,AWI,90.0000,REGIONAL,240,10.6700,7.2000,-71.07820,-29.97340,C00006832
0,10,-69.96918,-16.99536,-83.00279,-47.00288,MANUAL,14.30000,35734.20,RG_C00014495_mw8.05_04h,8.05,TsunAWI,r2019,RG_C00014495_mw8.05_04h,AWI,90.0000,REGIONAL,240,5.6100,8.1000,-72.06690,-33.44730,C00014495
0,10,-69.96918,-16.99536,-83.00279,-47.00288,MANUAL,14.10000,30809.20,RG_C00008501_mw8.15_04h,8.15,TsunAWI,r2019,RG_C00008501_mw8.15_04h,AWI,90.0000,REGIONAL,240,5.9100,7.4000,-71.70980,-31.17930,C00008501
0,10,-69.96918,-16.99536,-83.00279,-47.00288,MANUAL,19.10000,22734.00,RG_C00004550_mw8.05_04h,8.05,TsunAWI,r2019,RG_C00004550_mw8.05_04h,AWI,90.0000,REGIONAL,240,6.2200,8.8000,-71.61180,-28.45370,C00004550
0,10,-69.96918,-16.99536,-83.00279,-47.00288,MANUAL,16.90000,39269.90,RG_C00014395_mw8.05_04h,8.05,TsunAWI,r2019,RG_C00014395_mw8.05_04h,AWI,90.0000,REGIONAL,240,3.9000,7.2000,-71.14480,-30.06950,C00014395
0,10,-69.96918,-16.99536,-83.00279,-47.00288,MANUAL,18.20000,27359.50,RG_C00006793_mw8.35_04h,8.35,TsunAWI,r2019,RG_C00006793_mw8.35_04h,AWI,90.0000,REGIONAL,240,7.1300,7.0000,-71.48040,-29.25430,C00006793
0,10,-69.96918,-16.99536,-83.00279,-47.00288,MANUAL,15.20000,32758.10,RG_C00006856_mw8.05_04h,8.05,TsunAWI,r2019,RG_C00006856_mw8.05_04h,AWI,90.0000,REGIONAL,240,6.2100,7.2000,-71.45560,-30.55180,C00006856
0,10,-69.96918,-16.99536,-83.00279,-47.00288,MANUAL,17.20000,36245.70,RG_C00009403_mw8.25_04h,8.25,TsunAWI,r2019,RG_C00009403_mw8.25_04h,AWI,90.0000,REGIONAL,240,4.9400,6.8000,-71.25240,-29.40800,C00009403
0,10,-69.96918,-16.99536,-83.00279,-47.00288,MANUAL,13.20000,40934.90,RG_C00005707_mw8.15_04h,8.15,TsunAWI,r2019,RG_C00005707_mw8.15_04h,AWI,90.0000,REGIONAL,240,3.5400,7.5000,-71.44350,-31.63310,C00005707
0,10,-69.96918,-16.99536,-83.00279,-47.00288,MANUAL,17.20000,27212.10,RG_C00017915_mw8.45_04h,8.45,TsunAWI,r2019,RG_C00017915_mw8.45_04h,AWI,90.0000,REGIONAL,240,31.0000,7.3000,-71.86580,-31.49820,C00017915
0,10,-69.96918,-16.99536,-83.00279,-47.00288,MANUAL,21.00000,38928.10,RG_C00016826_mw8.25_04h,8.25,TsunAWI,r2019,RG_C00016826_mw8.25_04h,AWI,90.0000,REGIONAL,240,11.8000,20.6000,-72.64770,-34.74230,C00016826
0,10,-69.96918,-16.99536,-83.00279,-47.00288,MANUAL,15.80000,28564.80,RG_C00017691_mw8.15_04h,8.15,TsunAWI,r2019,RG_C00017691_mw8.15_04h,AWI,90.0000,REGIONAL,240,4.4100,7.0000,-71.54670,-29.92680,C00017691
0,10,-69.96918,-16.99536,-83.00279,-47.00288,MANUAL,19.20000,25742.00,RG_C00015568_mw8.35_04h,8.35,TsunAWI,r2019,RG_C00015568_mw8.35_04h,AWI,90.0000,REGIONAL,240,6.1700,8.0000,-71.52600,-29.09700,C00015568
0,10,-69.96918,-16.99536,-83.00279,-47.00288,MANUAL,16.50000,32087.60,RG_C00011298_mw8.55_04h,8.55,TsunAWI,r2019,RG_C00011298_mw8.55_04h,AWI,90.0000,REGIONAL,240,10.0500,7.7000,-71.95460,-32.52440,C00011298
0,10,-69.96918,-16.99536,-83.00279,-47.00288,MANUAL,13.10000,37942.00,RG_C00006427_mw8.05_04h,8.05,TsunAWI,r2019,RG_C00006427_mw8.05_04h,AWI,90.0000,REGIONAL,240,4.5300,7.4000,-71.55870,-31.64800,C00006427
0,10,-69.96918,-16.99536,-83.00279,-47.00288,MANUAL,16.30000,30782.70,RG_C00020487_mw8.25_04h,8.25,TsunAWI,r2019,RG_C00020487_mw8.25_04h,AWI,90.0000,REGIONAL,240,6.4600,7.2000,-71.36210,-29.35290,C00020487
0,10,-69.96918,-16.99536,-83.00279,-47.00288,MANUAL,19.20000,35699.30,RG_C00018609_mw8.45_04h,8.45,TsunAWI,r2019,RG_C00018609_mw8.45_04h,AWI,90.0000,REGIONAL,240,6.7400,8.3000,-71.09360,-28.11250,C00018609
0,10,-69.96918,-16.99536,-83.00279,-47.00288,MANUAL,20.20000,44466.30,RG_C00005857_mw8.45_04h,8.45,TsunAWI,r2019,RG_C00005857_mw8.45_04h,AWI,90.0000,REGIONAL,240,5.5700,19.9000,-72.71050,-35.31140,C00005857
0,10,-69.96918,-16.99536,-83.00279,-47.00288,MANUAL,17.80000,37069.30,RG_C00008226_mw8.35_04h,8.35,TsunAWI,r2019,RG_C00008226_mw8.35_04h,AWI,90.0000,REGIONAL,240,12.5500,7.1000,-71.29120,-30.19890,C00008226
0,10,-69.96918,-16.99536,-83.00279,-47.00288,MANUAL,14.10000,35807.60,RG_C00020924_mw8.15_04h,8.15,TsunAWI,r2019,RG_C00020924_mw8.15_04h,AWI,90.0000,REGIONAL,240,4.7500,8.6000,-71.68660,-31.31710,C00020924
0,10,-69.96918,-16.99536,-83.00279,-47.00288,MANUAL,18.40000,38632.50,RG_C00009918_mw8.25_04h,8.25,TsunAWI,r2019,RG_C00009918_mw8.25_04h,AWI,90.0000,REGIONAL,240,4.0700,21.0000,-73.14210,-35.86080,C00009918
0,10,-69.96918,-16.99536,-83.00279,-47.00288,MANUAL,18.10000,42075.30,RG_C00016483_mw8.25_04h,8.25,TsunAWI,r2019,RG_C00016483_mw8.25_04h,AWI,90.0000,REGIONAL,240,5.8600,7.3000,-71.07080,-29.00730,C00016483
0,10,-69.96918,-16.99536,-83.00279,-47.00288,MANUAL,19.40000,44469.20,RG_C00002879_mw8.45_04h,8.45,TsunAWI,r2019,RG_C00002879_mw8.45_04h,AWI,90.0000,REGIONAL,240,10.9500,15.2000,-73.35960,-36.97690,C00002879
0,10,-69.96918,-16.99536,-83.00279,-47.00288,MANUAL,17.30000,25373.90,RG_C00006124_mw8.05_04h,8.05,TsunAWI,r2019,RG_C00006124_mw8.05_04h,AWI,90.0000,REGIONAL,240,3.7200,7.2000,-71.67100,-29.38580,C00006124
0,10,-69.96918,-16.99536,-83.00279,-47.00288,MANUAL,14.50000,39133.40,RG_C00019670_mw8.05_04h,8.05,TsunAWI,r2019,RG_C00019670_mw8.05_04h,AWI,90.0000,REGIONAL,240,7.1900,7.5000,-71.53620,-31.41580,C00019670
0,10,-69.96918,-16.99536,-83.00279,-47.00288,MANUAL,17.30000,30861.30,RG_C00020526_mw8.15_04h,8.15,TsunAWI,r2019,RG_C00020526_mw8.15_04h,AWI,90.0000,REGIONAL,240,3.4300,7.4000,-71.94650,-31.66440,C00020526
0,10,-69.96918,-16.99536,-83.00279,-47.00288,MANUAL,14.20000,30659.80,RG_C00004604_mw8.05_04h,8.05,TsunAWI,r2019,RG_C00004604_mw8.05_04h,AWI,90.0000,REGIONAL,240,6.0400,7.5000,-71.56040,-30.27750,C00004604
0,10,-69.96918,-16.99536,-83.00279,-47.00288,MANUAL,16.80000,36754.30,RG_C00000403_mw8.45_04h,8.45,TsunAWI,r2019,RG_C00000403_mw8.45_04h,AWI,90.0000,REGIONAL,240,11.2200,7.3000,-71.56430,-31.38000,C00000403
0,10,-69.96918,-16.99536,-83.00279,-47.00288,MANUAL,17.00000,39853.40,RG_C00014271_mw8.15_04h,8.15,TsunAWI,r2019,RG_C00014271_mw8.15_04h,AWI,90.0000,REGIONAL,240,5.6600,6.9000,-71.12600,-29.76870,C00014271
0,10,-69.96918,-16.99536,-83.00279,-47.00288,MANUAL,18.50000,30799.60,RG_C00018520_mw8.05_04h,8.05,TsunAWI,r2019,RG_C00018520_mw8.05_04h,AWI,90.0000,REGIONAL,240,4.9500,8.3000,-71.32820,-28.37210,C00018520
0,10,-69.96918,-16.99536,-83.00279,-47.00288,MANUAL,12.70000,46889.60,RG_C00011115_mw8.25_04h,8.25,TsunAWI,r2019,RG_C00011115_mw8.25_04h,AWI,90.0000,REGIONAL,240,2.1000,7.6000,-71.22330,-31.98030,C00011115
0,10,-69.96918,-16.99536,-83.00279,-47.00288,MANUAL,18.30000,39006.90,RG_C00018495_mw8.25_04h,8.25,TsunAWI,r2019,RG_C00018495_mw8.25_04h,AWI,90.0000,REGIONAL,240,6.6300,7.5000,-71.16220,-28.92280,C00018495
0,10,-69.96918,-16.99536,-83.00279,-47.00288,MANUAL,18.30000,23537.60,RG_C00002798_mw9.25_04h,9.25,TsunAWI,r2019,RG_C00002798_mw9.25_04h,AWI,90.0000,REGIONAL,240,23.9700,9.7000,-73.83750,-36.18090,C00002798
0,10,-69.96918,-16.99536,-83.00279,-47.00288,MANUAL,19.20000,25046.90,RG_C00007334_mw8.45_04h,8.45,TsunAWI,r2019,RG_C00007334_mw8.45_04h,AWI,90.0000,REGIONAL,240,29.3800,8.0000,-71.44430,-28.38810,C00007334
0,10,-69.96918,-16.99536,-83.00279,-47.00288,MANUAL,18.80000,33382.50,RG_C00011515_mw8.15_04h,8.15,TsunAWI,r2019,RG_C00011515_mw8.15_04h,AWI,90.0000,REGIONAL,240,6.8300,8.9000,-71.19040,-28.20820,C00011515
0,10,-69.96918,-16.99536,-83.00279,-47.00288,MANUAL,19.10000,30682.80,RG_C00006013_mw8.05_04h,8.05,TsunAWI,r2019,RG_C00006013_mw8.05_04h,AWI,90.0000,REGIONAL,240,5.8500,9.1000,-71.38120,-28.69890,C00006013
0,10,-69.96918,-16.99536,-83.00279,-47.00288,MANUAL,13.20000,43290.80,RG_C00017315_mw8.25_04h,8.25,TsunAWI,r2019,RG_C00017315_mw8.25_04h,AWI,90.0000,REGIONAL,240,5.6200,7.4000,-71.42620,-32.20020,C00017315
0,10,-69.96918,-16.99536,-83.00279,-47.00288,MANUAL,15.00000,38910.70,RG_C00004779_mw8.35_04h,8.35,TsunAWI,r2019,RG_C00004779_mw8.35_04h,AWI,90.0000,REGIONAL,240,10.8100,8.6000,-71.68060,-32.13870,C00004779
0,10,-69.96918,-16.99536,-83.00279,-47.00288,MANUAL,12.80000,35630.40,RG_C00003710_mw8.05_04h,8.05,TsunAWI,r2019,RG_C00003710_mw8.05_04h,AWI,90.0000,REGIONAL,240,6.4200,7.7000,-71.88350,-32.48930,C00003710
0,10,-69.96918,-16.99536,-83.00279,-47.00288,MANUAL,16.50000,34130.70,RG_C00002581_mw8.55_04h,8.55,TsunAWI,r2019,RG_C00002581_mw8.55_04h,AWI,90.0000,REGIONAL,240,11.9600,7.7000,-71.76540,-31.80440,C00002581
0,10,-69.96918,-16.99536,-83.00279,-47.00288,MANUAL,16.90000,23161.80,RG_C00006536_mw8.05_04h,8.05,TsunAWI,r2019,RG_C00006536_mw8.05_04h,AWI,90.0000,REGIONAL,240,5.4500,7.2000,-71.81490,-29.87630,C00006536
0,10,-69.96918,-16.99536,-83.00279,-47.00288,MANUAL,17.80000,24094.20,RG_C00000935_mw8.75_04h,8.75,TsunAWI,r2019,RG_C00000935_mw8.75_04h,AWI,90.0000,REGIONAL,240,9.3800,9.0000,-74.42510,-38.87010,C00000935
0,10,-69.96918,-16.99536,-83.00279,-47.00288,MANUAL,16.10000,36815.70,RG_C00003553_mw8.45_04h,8.45,TsunAWI,r2019,RG_C00003553_mw8.45_04h,AWI,90.0000,REGIONAL,240,3.1600,8.4000,-71.77540,-32.19830,C00003553
0,10,-69.96918,-16.99536,-83.00279,-47.00288,MANUAL,21.10000,29844.90,RG_C00003109_mw8.05_04h,8.05,TsunAWI,r2019,RG_C00003109_mw8.05_04h,AWI,90.0000,REGIONAL,240,7.4900,20.0000,-73.14090,-35.15550,C00003109
0,10,-69.96918,-16.99536,-83.00279,-47.00288,MANUAL,18.80000,30569.30,RG_C00019593_mw8.35_04h,8.35,TsunAWI,r2019,RG_C00019593_mw8.35_04h,AWI,90.0000,REGIONAL,240,10.0500,7.0000,-71.42060,-29.43390,C00019593
0,10,-69.96918,-16.99536,-83.00279,-47.00288,MANUAL,18.80000,23828.80,RG_C00015858_mw8.25_04h,8.25,TsunAWI,r2019,RG_C00015858_mw8.25_04h,AWI,90.0000,REGIONAL,240,9.5400,8.3000,-71.54120,-28.72370,C00015858
0,10,-69.96918,-16.99536,-83.00279,-47.00288,MANUAL,16.70000,23838.50,RG_C00011444_mw8.45_04h,8.45,TsunAWI,r2019,RG_C00011444_mw8.45_04h,AWI,90.0000,REGIONAL,240,9.5900,7.3000,-72.07540,-31.63210,C00011444
0,10,-69.96918,-16.99536,-83.00279,-47.00288,MANUAL,14.70000,32414.10,RG_C00023184_mw8.25_04h,8.25,TsunAWI,r2019,RG_C00023184_mw8.25_04h,AWI,90.0000,REGIONAL,240,8.0600,7.4000,-71.74790,-31.46040,C00023184
0,10,-69.96918,-16.99536,-83.00279,-47.00288,MANUAL,18.00000,42555.70,RG_C00018152_mw8.65_04h,8.65,TsunAWI,r2019,RG_C00018152_mw8.65_04h,AWI,90.0000,REGIONAL,240,7.5200,10.1000,-73.52460,-37.68700,C00018152
0,10,-69.96918,-16.99536,-83.00279,-47.00288,MANUAL,18.70000,25355.20,RG_C00002185_mw8.35_04h,8.35,TsunAWI,r2019,RG_C00002185_mw8.35_04h,AWI,90.0000,REGIONAL,240,7.5000,7.0000,-71.57560,-29.43300,C00002185
0,10,-69.96918,-16.99536,-83.00279,-47.00288,MANUAL,17.50000,38338.90,RG_C00022724_mw8.45_04h,8.45,TsunAWI,r2019,RG_C00022724_mw8.45_04h,AWI,90.0000,REGIONAL,240,7.7900,7.2000,-71.32620,-30.67140,C00022724
0,10,-69.96918,-16.99536,-83.00279,-47.00288,MANUAL,15.10000,31209.00,RG_C00015950_mw8.15_04h,8.15,TsunAWI,r2019,RG_C00015950_mw8.15_04h,AWI,90.0000,REGIONAL,240,5.8500,7.1000,-71.46500,-30.05100,C00015950
0,10,-69.96918,-16.99536,-83.00279,-47.00288,MANUAL,17.40000,29002.80,RG_C00004682_mw8.55_04h,8.55,TsunAWI,r2019,RG_C00004682_mw8.55_04h,AWI,90.0000,REGIONAL,240,6.7800,7.2000,-71.66870,-30.86860,C00004682
0,10,-69.96918,-16.99536,-83.00279,-47.00288,MANUAL,17.00000,30989.80,RG_C00010462_mw8.45_04h,8.45,TsunAWI,r2019,RG_C00010462_mw8.45_04h,AWI,90.0000,REGIONAL,240,9.4300,7.3000,-71.69320,-31.05940,C00010462
0,10,-69.96918,-16.99536,-83.00279,-47.00288,MANUAL,17.20000,44637.30,RG_C00005004_mw8.05_04h,8.05,TsunAWI,r2019,RG_C00005004_mw8.05_04h,AWI,90.0000,REGIONAL,240,4.0400,16.6000,-72.50050,-34.87180,C00005004
0,10,-69.96918,-16.99536,-83.00279,-47.00288,MANUAL,17.60000,29735.00,RG_C00002694_mw8.05_04h,8.05,TsunAWI,r2019,RG_C00002694_mw8.05_04h,AWI,90.0000,REGIONAL,240,5.8600,7.3000,-71.31180,-28.36240,C00002694
0,10,-69.96918,-16.99536,-83.00279,-47.00288,MANUAL,15.00000,32610.80,RG_C00010460_mw8.25_04h,8.25,TsunAWI,r2019,RG_C00010460_mw8.25_04h,AWI,90.0000,REGIONAL,240,5.7000,7.2000,-71.51760,-30.84600,C00010460
0,10,-69.96918,-16.99536,-83.00279,-47.00288,MANUAL,16.90000,31565.80,RG_C00011463_mw8.25_04h,8.25,TsunAWI,r2019,RG_C00011463_mw8.25_04h,AWI,90.0000,REGIONAL,240,7.8500,7.4000,-71.78840,-31.21040,C00011463
0,10,-69.96918,-16.99536,-83.00279,-47.00288,MANUAL,10.90000,44577.20,RG_C00018489_mw8.05_04h,8.05,TsunAWI,r2019,RG_C00018489_mw8.05_04h,AWI,90.0000,REGIONAL,240,2.7800,9.9000,-71.48960,-32.77540,C00018489
0,10,-69.96918,-16.99536,-83.00279,-47.00288,MANUAL,19.30000,30668.30,RG_C00013061_mw8.45_04h,8.45,TsunAWI,r2019,RG_C00013061_mw8.45_04h,AWI,90.0000,REGIONAL,240,11.6900,8.8000,-71.38590,-28.77370,C00013061
0,10,-69.96918,-16.99536,-83.00279,-47.00288,MANUAL,18.40000,32966.20,RG_C00014551_mw8.15_04h,8.15,TsunAWI,r2019,RG_C00014551_mw8.15_04h,AWI,90.0000,REGIONAL,240,3.2100,7.8000,-71.35170,-28.88640,C00014551
0,10,-69.96918,-16.99536,-83.00279,-47.00288,MANUAL,18.20000,45154.50,RG_C00002754_mw8.05_04h,8.05,TsunAWI,r2019,RG_C00002754_mw8.05_04h,AWI,90.0000,REGIONAL,240,5.4900,6.9000,-70.97100,-29.03190,C00002754
0,10,-69.96918,-16.99536,-83.00279,-47.00288,MANUAL,19.30000,31803.00,RG_C00003495_mw8.45_04h,8.45,TsunAWI,r2019,RG_C00003495_mw8.45_04h,AWI,90.0000,REGIONAL,240,7.6200,8.6000,-71.27000,-28.41060,C00003495
0,10,-69.96918,-16.99536,-83.00279,-47.00288,MANUAL,14.90000,24387.90,RG_C00010730_mw8.05_04h,8.05,TsunAWI,r2019,RG_C00010730_mw8.05_04h,AWI,90.0000,REGIONAL,240,5.7000,7.1000,-71.70060,-29.94320,C00010730
0,10,-69.96918,-16.99536,-83.00279,-47.00288,MANUAL,18.30000,61352.00,RG_C00001821_mw9.25_04h,9.25,TsunAWI,r2019,RG_C00001821_mw9.25_04h,AWI,90.0000,REGIONAL,240,24.2600,9.0000,-73.18010,-39.29720,C00001821
0,10,-69.96918,-16.99536,-83.00279,-47.00288,MANUAL,19.70000,43365.20,RG_C00022999_mw8.25_04h,8.25,TsunAWI,r2019,RG_C00022999_mw8.25_04h,AWI,90.0000,REGIONAL,240,13.3600,20.1000,-73.37120,-36.66630,C00022999
0,10,-69.96918,-16.99536,-83.00279,-47.00288,MANUAL,16.70000,46525.10,RG_C00016509_mw8.25_04h,8.25,TsunAWI,r2019,RG_C00016509_mw8.25_04h,AWI,90.0000,REGIONAL,240,8.3600,17.0000,-72.27390,-34.45660,C00016509
0,10,-69.96918,-16.99536,-83.00279,-47.00288,MANUAL,19.00000,25475.20,RG_C00010376_mw8.45_04h,8.45,TsunAWI,r2019,RG_C00010376_mw8.45_04h,AWI,90.0000,REGIONAL,240,29.2900,7.5000,-71.43570,-28.43720,C00010376
0,10,-69.96918,-16.99536,-83.00279,-47.00288,MANUAL,17.30000,35713.60,RG_C00005189_mw8.55_04h,8.55,TsunAWI,r2019,RG_C00005189_mw8.55_04h,AWI,90.0000,REGIONAL,240,6.2300,7.3000,-71.37650,-30.24600,C00005189
0,10,-69.96918,-16.99536,-83.00279,-47.00288,MANUAL,18.10000,29834.20,RG_C00008431_mw8.35_04h,8.35,TsunAWI,r2019,RG_C00008431_mw8.35_04h,AWI,90.0000,REGIONAL,240,7.5200,6.9000,-71.50460,-29.81050,C00008431
0,10,-69.96918,-16.99536,-83.00279,-47.00288,MANUAL,17.40000,40517.00,RG_C00002443_mw8.15_04h,8.15,TsunAWI,r2019,RG_C00002443_mw8.15_04h,AWI,90.0000,REGIONAL,240,4.9300,6.8000,-71.13880,-29.77150,C00002443
0,10,-69.96918,-16.99536,-83.00279,-47.00288,MANUAL,19.20000,44711.10,RG_C00004091_mw8.35_04h,8.35,TsunAWI,r2019,RG_C00004091_mw8.35_04h,AWI,90.0000,REGIONAL,240,6.6300,9.1000,-70.93110,-28.28140,C00004091
0,10,-69.96918,-16.99536,-83.00279,-47.00288,MANUAL,16.40000,36449.10,RG_C00005466_mw8.35_04h,8.35,TsunAWI,r2019,RG_C00005466_mw8.35_04h,AWI,90.0000,REGIONAL,240,17.3400,7.1000,-71.26140,-29.93060,C00005466
0,10,-69.96918,-16.99536,-83.00279,-47.00288,MANUAL,16.20000,49384.50,RG_C00002203_mw8.45_04h,8.45,TsunAWI,r2019,RG_C00002203_mw8.45_04h,AWI,90.0000,REGIONAL,240,4.6600,8.0000,-71.29300,-32.12750,C00002203
0,10,-69.96918,-16.99536,-83.00279,-47.00288,MANUAL,16.30000,39587.80,RG_C00005704_mw8.15_04h,8.15,TsunAWI,r2019,RG_C00005704_mw8.15_04h,AWI,90.0000,REGIONAL,240,6.9700,7.2000,-71.16450,-30.25070,C00005704
0,10,-69.96918,-16.99536,-83.00279,-47.00288,MANUAL,16.90000,33306.10,RG_C00012030_mw8.25_04h,8.25,TsunAWI,r2019,RG_C00012030_mw8.25_04h,AWI,90.0000,REGIONAL,240,6.4000,7.4000,-71.92090,-32.31890,C00012030
0,10,-69.96918,-16.99536,-83.00279,-47.00288,MANUAL,17.00000,26938.30,RG_C00009667_mw8.05_04h,8.05,TsunAWI,r2019,RG_C00009667_mw8.05_04h,AWI,90.0000,REGIONAL,240,5.1200,7.0000,-71.56710,-29.55510,C00009667
0,10,-69.96918,-16.99536,-83.00279,-47.00288,MANUAL,14.30000,31993.40,RG_C00022838_mw8.15_04h,8.15,TsunAWI,r2019,RG_C00022838_mw8.15_04h,AWI,90.0000,REGIONAL,240,2.8200,7.5000,-71.72650,-31.44490,C00022838
0,10,-69.96918,-16.99536,-83.00279,-47.00288,MANUAL,17.70000,31518.40,RG_C00005547_mw8.55_04h,8.55,TsunAWI,r2019,RG_C00005547_mw8.55_04h,AWI,90.0000,REGIONAL,240,11.2400,7.2000,-71.43350,-30.06370,C00005547
0,10,-69.96918,-16.99536,-83.00279,-47.00288,MANUAL,18.70000,33941.90,RG_C00023041_mw8.15_04h,8.15,TsunAWI,r2019,RG_C00023041_mw8.15_04h,AWI,90.0000,REGIONAL,240,6.9900,8.7000,-71.25020,-28.22040,C00023041
0,10,-69.96918,-16.99536,-83.00279,-47.00288,MANUAL,17.50000,26021.00,RG_C00017635_mw8.15_04h,8.15,TsunAWI,r2019,RG_C00017635_mw8.15_04h,AWI,90.0000,REGIONAL,240,4.3500,8.3000,-72.23350,-32.12070,C00017635
0,10,-69.96918,-16.99536,-83.00279,-47.00288,MANUAL,19.10000,31809.40,RG_C00004590_mw8.55_04h,8.55,TsunAWI,r2019,RG_C00004590_mw8.55_04h,AWI,90.0000,REGIONAL,240,8.6500,8.0000,-71.31900,-28.84940,C00004590
0,10,-69.96918,-16.99536,-83.00279,-47.00288,MANUAL,20.30000,46684.30,RG_C00017257_mw8.35_04h,8.35,TsunAWI,r2019,RG_C00017257_mw8.35_04h,AWI,90.0000,REGIONAL,240,10.6700,20.8000,-73.09380,-36.29780,C00017257
0,10,-69.96918,-16.99536,-83.00279,-47.00288,MANUAL,18.50000,33925.80,RG_C00020383_mw8.55_04h,8.55,TsunAWI,r2019,RG_C00020383_mw8.55_04h,AWI,90.0000,REGIONAL,240,11.4700,7.1000,-71.38650,-29.94770,C00020383
0,10,-69.96918,-16.99536,-83.00279,-47.00288,MANUAL,19.10000,31598.90,RG_C00022485_mw8.55_04h,8.55,TsunAWI,r2019,RG_C00022485_mw8.55_04h,AWI,90.0000,REGIONAL,240,8.0800,14.8000,-73.68080,-36.76390,C00022485
0,10,-69.96918,-16.99536,-83.00279,-47.00288,MANUAL,19.20000,24520.80,RG_C00011684_mw8.45_04h,8.45,TsunAWI,r2019,RG_C00011684_mw8.45_04h,AWI,90.0000,REGIONAL,240,7.8100,8.0000,-71.59610,-29.22710,C00011684
0,10,-69.96918,-16.99536,-83.00279,-47.00288,MANUAL,18.20000,25065.00,RG_C00004428_mw8.05_04h,8.05,TsunAWI,r2019,RG_C00004428_mw8.05_04h,AWI,90.0000,REGIONAL,240,4.7900,9.5000,-72.44740,-32.84250,C00004428
0,10,-69.96918,-16.99536,-83.00279,-47.00288,MANUAL,18.00000,43708.60,RG_C00005732_mw8.35_04h,8.35,TsunAWI,r2019,RG_C00005732_mw8.35_04h,AWI,90.0000,REGIONAL,240,3.3300,12.6000,-73.44400,-37.50860,C00005732
0,10,-69.96918,-16.99536,-83.00279,-47.00288,MANUAL,19.90000,45240.50,RG_C00011659_mw8.75_04h,8.75,TsunAWI,r2019,RG_C00011659_mw8.75_04h,AWI,90.0000,REGIONAL,240,9.3400,17.5000,-73.06020,-36.08320,C00011659
0,10,-69.96918,-16.99536,-83.00279,-47.00288,MANUAL,17.00000,25625.50,RG_C00003139_mw8.25_04h,8.25,TsunAWI,r2019,RG_C00003139_mw8.25_04h,AWI,90.0000,REGIONAL,240,6.5100,7.2000,-71.71080,-30.33990,C00003139
0,10,-69.96918,-16.99536,-83.00279,-47.00288,MANUAL,17.30000,39901.50,RG_C00012976_mw8.65_04h,8.65,TsunAWI,r2019,RG_C00012976_mw8.65_04h,AWI,90.0000,REGIONAL,240,6.0100,7.6000,-73.88600,-39.21550,C00012976
0,10,-69.96918,-16.99536,-83.00279,-47.00288,MANUAL,17.00000,31741.30,RG_C00015096_mw8.15_04h,8.15,TsunAWI,r2019,RG_C00015096_mw8.15_04h,AWI,90.0000,REGIONAL,240,6.6400,7.4000,-71.79200,-31.34060,C00015096
0,10,-69.96918,-16.99536,-83.00279,-47.00288,MANUAL,13.20000,35639.30,RG_C00019297_mw8.25_04h,8.25,TsunAWI,r2019,RG_C00019297_mw8.25_04h,AWI,90.0000,REGIONAL,240,21.3800,7.4000,-71.74500,-32.00770,C00019297
0,10,-69.96918,-16.99536,-83.00279,-47.00288,MANUAL,16.10000,41452.60,RG_C00015810_mw8.25_04h,8.25,TsunAWI,r2019,RG_C00015810_mw8.25_04h,AWI,90.0000,REGIONAL,240,2.4800,7.1000,-71.10020,-30.26110,C00015810
0,10,-69.96918,-16.99536,-83.00279,-47.00288,MANUAL,15.00000,37058.40,RG_C00011184_mw8.35_04h,8.35,TsunAWI,r2019,RG_C00011184_mw8.35_04h,AWI,90.0000,REGIONAL,240,4.9900,8.4000,-71.72260,-31.98650,C00011184
0,10,-69.96918,-16.99536,-83.00279,-47.00288,MANUAL,14.50000,37584.80,RG_C00001247_mw8.25_04h,8.25,TsunAWI,r2019,RG_C00001247_mw8.25_04h,AWI,90.0000,REGIONAL,240,7.6500,7.4000,-71.60050,-31.72970,C00001247
0,10,-69.96918,-16.99536,-83.00279,-47.00288,MANUAL,15.80000,38330.70,RG_C00001830_mw8.15_04h,8.15,TsunAWI,r2019,RG_C00001830_mw8.15_04h,AWI,90.0000,REGIONAL,240,8.0000,7.5000,-71.52450,-31.36490,C00001830
0,10,-69.96918,-16.99536,-83.00279,-47.00288,MANUAL,14.50000,37190.40,RG_C00018898_mw8.05_04h,8.05,TsunAWI,r2019,RG_C00018898_mw8.05_04h,AWI,90.0000,REGIONAL,240,3.7900,7.5000,-71.43580,-30.99730,C00018898
0,10,-69.96918,-16.99536,-83.00279,-47.00288,MANUAL,18.70000,27443.50,RG_C00000412_mw8.05_04h,8.05,TsunAWI,r2019,RG_C00000412_mw8.05_04h,AWI,90.0000,REGIONAL,240,4.6300,9.2000,-71.49550,-28.68260,C00000412
0,10,-69.96918,-16.99536,-83.00279,-47.00288,MANUAL,17.40000,24947.90,RG_C00011856_mw8.45_04h,8.45,TsunAWI,r2019,RG_C00011856_mw8.45_04h,AWI,90.0000,REGIONAL,240,6.7900,7.3000,-71.84880,-31.12930,C00011856
0,10,-69.96918,-16.99536,-83.00279,-47.00288,MANUAL,16.60000,31531.70,RG_C00010583_mw8.55_04h,8.55,TsunAWI,r2019,RG_C00010583_mw8.55_04h,AWI,90.0000,REGIONAL,240,19.6100,7.4000,-71.76330,-31.32480,C00010583
0,10,-69.96918,-16.99536,-83.00279,-47.00288,MANUAL,17.50000,42293.00,RG_C00001621_mw8.55_04h,8.55,TsunAWI,r2019,RG_C00001621_mw8.55_04h,AWI,90.0000,REGIONAL,240,6.7900,9.0000,-73.71480,-38.64620,C00001621
0,10,-69.96918,-16.99536,-83.00279,-47.00288,MANUAL,18.80000,30133.30,RG_C00000930_mw8.25_04h,8.25,TsunAWI,r2019,RG_C00000930_mw8.25_04h,AWI,90.0000,REGIONAL,240,20.2900,7.7000,-71.41080,-28.96690,C00000930
0,10,-69.96918,-16.99536,-83.00279,-47.00288,MANUAL,17.40000,27785.60,RG_C00009411_mw8.45_04h,8.45,TsunAWI,r2019,RG_C00009411_mw8.45_04h,AWI,90.0000,REGIONAL,240,4.1000,7.3000,-71.71610,-30.87570,C00009411
0,10,-69.96918,-16.99536,-83.00279,-47.00288,MANUAL,18.00000,28896.80,RG_C00018354_mw8.35_04h,8.35,TsunAWI,r2019,RG_C00018354_mw8.35_04h,AWI,90.0000,REGIONAL,240,7.5500,6.9000,-71.47880,-29.44940,C00018354
0,10,-69.96918,-16.99536,-83.00279,-47.00288,MANUAL,18.10000,35102.30,RG_C00020633_mw8.25_04h,8.25,TsunAWI,r2019,RG_C00020633_mw8.25_04h,AWI,90.0000,REGIONAL,240,5.0200,7.7000,-71.20000,-28.48250,C00020633
0,10,-69.96918,-16.99536,-83.00279,-47.00288,MANUAL,14.70000,36976.40,RG_C00005776_mw8.25_04h,8.25,TsunAWI,r2019,RG_C00005776_mw8.25_04h,AWI,90.0000,REGIONAL,240,6.4500,7.4000,-71.54970,-31.36760,C00005776
0,10,-69.96918,-16.99536,-83.00279,-47.00288,MANUAL,13.10000,42220.70,RG_C00003195_mw8.15_04h,8.15,TsunAWI,r2019,RG_C00003195_mw8.15_04h,AWI,90.0000,REGIONAL,240,3.8100,7.4000,-71.33140,-31.41370,C00003195
0,10,-69.96918,-16.99536,-83.00279,-47.00288,MANUAL,18.80000,38619.80,RG_C00007930_mw8.35_04h,8.35,TsunAWI,r2019,RG_C00007930_mw8.35_04h,AWI,90.0000,REGIONAL,240,8.1000,7.5000,-71.19630,-29.31360,C00007930
0,10,-69.96918,-16.99536,-83.00279,-47.00288,MANUAL,16.30000,32204.10,RG_C00006951_mw8.35_04h,8.35,TsunAWI,r2019,RG_C00006951_mw8.35_04h,AWI,90.0000,REGIONAL,240,7.9900,8.3000,-72.01020,-32.42790,C00006951
0,10,-69.96918,-16.99536,-83.00279,-47.00288,MANUAL,15.60000,35071.00,RG_C00015620_mw8.15_04h,8.15,TsunAWI,r2019,RG_C00015620_mw8.15_04h,AWI,90.0000,REGIONAL,240,4.6800,7.2000,-71.32230,-30.24460,C00015620
0,10,-69.96918,-16.99536,-83.00279,-47.00288,MANUAL,19.30000,45668.90,RG_C00020807_mw8.45_04h,8.45,TsunAWI,r2019,RG_C00020807_mw8.45_04h,AWI,90.0000,REGIONAL,240,8.4600,17.3000,-72.16550,-34.05680,C00020807
0,10,-69.96918,-16.99536,-83.00279,-47.00288,MANUAL,17.00000,30002.30,RG_C00016562_mw8.05_04h,8.05,TsunAWI,r2019,RG_C00016562_mw8.05_04h,AWI,90.0000,REGIONAL,240,7.3100,7.0000,-71.41190,-29.18560,C00016562
0,10,-69.96918,-16.99536,-83.00279,-47.00288,MANUAL,18.50000,39689.50,RG_C00016031_mw8.15_04h,8.15,TsunAWI,r2019,RG_C00016031_mw8.15_04h,AWI,90.0000,REGIONAL,240,2.4400,7.8000,-71.13800,-29.19090,C00016031
0,10,-69.96918,-16.99536,-83.00279,-47.00288,MANUAL,17.80000,38551.50,RG_C00000570_mw8.05_04h,8.05,TsunAWI,r2019,RG_C00000570_mw8.05_04h,AWI,90.0000,REGIONAL,240,8.8500,6.8000,-71.20890,-30.01220,C00000570
0,10,-69.96918,-16.99536,-83.00279,-47.00288,MANUAL,18.80000,29640.30,RG_C00007090_mw8.15_04h,8.15,TsunAWI,r2019,RG_C00007090_mw8.15_04h,AWI,90.0000,REGIONAL,240,4.1900,8.2000,-71.44390,-29.11600,C00007090
0,10,-69.96918,-16.99536,-83.00279,-47.00288,MANUAL,17.50000,35616.80,RG_C00008030_mw8.25_04h,8.25,TsunAWI,r2019,RG_C00008030_mw8.25_04h,AWI,90.0000,REGIONAL,240,8.9500,6.8000,-71.31420,-29.58330,C00008030
0,10,-69.96918,-16.99536,-83.00279,-47.00288,MANUAL,19.00000,25989.00,RG_C00005755_mw8.35_04h,8.35,TsunAWI,r2019,RG_C00005755_mw8.35_04h,AWI,90.0000,REGIONAL,240,7.6200,7.6000,-71.37680,-28.20340,C00005755
0,10,-69.96918,-16.99536,-83.00279,-47.00288,MANUAL,19.40000,36047.10,RG_C00010465_mw8.45_04h,8.45,TsunAWI,r2019,RG_C00010465_mw8.45_04h,AWI,90.0000,REGIONAL,240,7.5100,9.3000,-71.12600,-27.90200,C00010465
0,10,-69.96918,-16.99536,-83.00279,-47.00288,MANUAL,16.60000,42605.00,RG_C00005096_mw8.15_04h,8.15,TsunAWI,r2019,RG_C00005096_mw8.15_04h,AWI,90.0000,REGIONAL,240,4.7900,7.1000,-71.06700,-30.29280,C00005096
0,10,-69.96918,-16.99536,-83.00279,-47.00288,MANUAL,16.80000,20960.50,RG_C00013212_mw8.05_04h,8.05,TsunAWI,r2019,RG_C00013212_mw8.05_04h,AWI,90.0000,REGIONAL,240,5.5300,7.2000,-71.90460,-29.97860,C00013212
0,10,-69.96918,-16.99536,-83.00279,-47.00288,MANUAL,16.50000,26141.00,RG_C00020990_mw8.25_04h,8.25,TsunAWI,r2019,RG_C00020990_mw8.25_04h,AWI,90.0000,REGIONAL,240,14.7300,7.2000,-71.56800,-29.59320,C00020990
0,10,-69.96918,-16.99536,-83.00279,-47.00288,MANUAL,16.60000,36783.70,RG_C00012820_mw8.55_04h,8.55,TsunAWI,r2019,RG_C00012820_mw8.55_04h,AWI,90.0000,REGIONAL,240,9.1700,7.4000,-71.49760,-30.78490,C00012820
0,10,-69.96918,-16.99536,-83.00279,-47.00288,MANUAL,17.90000,37905.60,RG_C00009713_mw8.05_04h,8.05,TsunAWI,r2019,RG_C00009713_mw8.05_04h,AWI,90.0000,REGIONAL,240,8.2600,6.8000,-71.20200,-29.18000,C00009713
0,10,-69.96918,-16.99536,-83.00279,-47.00288,MANUAL,17.30000,38698.20,RG_C00010857_mw8.35_04h,8.35,TsunAWI,r2019,RG_C00010857_mw8.35_04h,AWI,90.0000,REGIONAL,240,6.3700,7.3000,-71.30890,-30.55750,C00010857
0,10,-69.96918,-16.99536,-83.00279,-47.00288,MANUAL,18.30000,38720.50,RG_C00008550_mw9.35_04h,9.35,TsunAWI,r2019,RG_C00008550_mw9.35_04h,AWI,90.0000,REGIONAL,240,8.3800,9.7000,-74.04120,-39.59420,C00008550
0,10,-69.96918,-16.99536,-83.00279,-47.00288,MANUAL,16.50000,25335.40,RG_C00008699_mw8.05_04h,8.05,TsunAWI,r2019,RG_C00008699_mw8.05_04h,AWI,90.0000,REGIONAL,240,3.3100,7.4000,-71.94140,-31.13670,C00008699
